url,stat
https://www.ilmeteo.it/portale/archivio-meteo/Itri/1995/Giugno,1
https://www.ilmeteo.it/portale/archivio-meteo/Itri/1995/Settembre,1
https://www.ilmeteo.it/portale/archivio-meteo/Itri/1995/Maggio,1
https://www.ilmeteo.it/portale/archivio-meteo/Itri/1996/Giugno,1
https://www.ilmeteo.it/portale/archivio-meteo/Itri/1996/Settembre,1
https://www.ilmeteo.it/portale/archivio-meteo/Itri/1996/Maggio,1
https://www.ilmeteo.it/portale/archivio-meteo/Itri/1997/Giugno,1
https://www.ilmeteo.it/portale/archivio-meteo/Itri/1997/Settembre,1
https://www.ilmeteo.it/portale/archivio-meteo/Itri/1997/Maggio,1
https://www.ilmeteo.it/portale/archivio-meteo/Itri/1998/Giugno,1
https://www.ilmeteo.it/portale/archivio-meteo/Itri/1998/Settembre,1
https://www.ilmeteo.it/portale/archivio-meteo/Itri/1998/Maggio,1
https://www.ilmeteo.it/portale/archivio-meteo/Itri/1999/Giugno,1
https://www.ilmeteo.it/portale/archivio-meteo/Itri/1999/Settembre,1
https://www.ilmeteo.it/portale/archivio-meteo/Itri/1999/Maggio,1
https://www.ilmeteo.it/portale/archivio-meteo/Itri/2000/Giugno,1
https://www.ilmeteo.it/portale/archivio-meteo/Itri/2000/Settembre,1
https://www.ilmeteo.it/portale/archivio-meteo/Itri/2000/Maggio,1
https://www.ilmeteo.it/portale/archivio-meteo/Itri/2001/Giugno,1
https://www.ilmeteo.it/portale/archivio-meteo/Itri/2001/Settembre,1
https://www.ilmeteo.it/portale/archivio-meteo/Itri/2001/Maggio,1
https://www.ilmeteo.it/portale/archivio-meteo/Itri/2002/Giugno,1
https://www.ilmeteo.it/portale/archivio-meteo/Itri/2002/Settembre,1
https://www.ilmeteo.it/portale/archivio-meteo/Itri/2002/Maggio,1
https://www.ilmeteo.it/portale/archivio-meteo/Itri/2003/Giugno,1
https://www.ilmeteo.it/portale/archivio-meteo/Itri/2003/Settembre,1
https://www.ilmeteo.it/portale/archivio-meteo/Itri/2003/Maggio,1
https://www.ilmeteo.it/portale/archivio-meteo/Itri/2004/Giugno,1
https://www.ilmeteo.it/portale/archivio-meteo/Itri/2004/Settembre,1
https://www.ilmeteo.it/portale/archivio-meteo/Itri/2004/Maggio,1
https://www.ilmeteo.it/portale/archivio-meteo/Itri/2005/Giugno,1
https://www.ilmeteo.it/portale/archivio-meteo/Itri/2005/Settembre,1
https://www.ilmeteo.it/portale/archivio-meteo/Itri/2005/Maggio,1
https://www.ilmeteo.it/portale/archivio-meteo/Itri/2006/Giugno,1
https://www.ilmeteo.it/portale/archivio-meteo/Itri/2006/Settembre,1
https://www.ilmeteo.it/portale/archivio-meteo/Itri/2006/Maggio,1
https://www.ilmeteo.it/portale/archivio-meteo/Itri/2007/Giugno,1
https://www.ilmeteo.it/portale/archivio-meteo/Itri/2007/Settembre,1
https://www.ilmeteo.it/portale/archivio-meteo/Itri/2007/Maggio,1
https://www.ilmeteo.it/portale/archivio-meteo/Itri/2008/Giugno,1
https://www.ilmeteo.it/portale/archivio-meteo/Itri/2008/Settembre,1
https://www.ilmeteo.it/portale/archivio-meteo/Itri/2008/Maggio,1
https://www.ilmeteo.it/portale/archivio-meteo/Itri/2009/Giugno,1
https://www.ilmeteo.it/portale/archivio-meteo/Itri/2009/Settembre,1
https://www.ilmeteo.it/portale/archivio-meteo/Itri/2009/Maggio,1
https://www.ilmeteo.it/portale/archivio-meteo/Itri/2010/Giugno,1
https://www.ilmeteo.it/portale/archivio-meteo/Itri/2010/Settembre,1
https://www.ilmeteo.it/portale/archivio-meteo/Itri/2010/Maggio,1
https://www.ilmeteo.it/portale/archivio-meteo/Itri/2011/Giugno,1
https://www.ilmeteo.it/portale/archivio-meteo/Itri/2011/Settembre,1
https://www.ilmeteo.it/portale/archivio-meteo/Itri/2011/Maggio,1
https://www.ilmeteo.it/portale/archivio-meteo/Itri/2012/Giugno,1
https://www.ilmeteo.it/portale/archivio-meteo/Itri/2012/Settembre,1
https://www.ilmeteo.it/portale/archivio-meteo/Itri/2012/Maggio,1
https://www.ilmeteo.it/portale/archivio-meteo/Itri/2013/Giugno,1
https://www.ilmeteo.it/portale/archivio-meteo/Itri/2013/Settembre,1
https://www.ilmeteo.it/portale/archivio-meteo/Itri/2013/Maggio,1
https://www.ilmeteo.it/portale/archivio-meteo/Itri/2014/Giugno,1
https://www.ilmeteo.it/portale/archivio-meteo/Itri/2014/Settembre,1
https://www.ilmeteo.it/portale/archivio-meteo/Itri/2014/Maggio,1
https://www.ilmeteo.it/portale/archivio-meteo/Itri/2015/Giugno,1
https://www.ilmeteo.it/portale/archivio-meteo/Itri/2015/Settembre,1
https://www.ilmeteo.it/portale/archivio-meteo/Itri/2015/Maggio,1
https://www.ilmeteo.it/portale/archivio-meteo/Itri/2016/Giugno,1
https://www.ilmeteo.it/portale/archivio-meteo/Itri/2016/Settembre,1
https://www.ilmeteo.it/portale/archivio-meteo/Itri/2016/Maggio,1
https://www.ilmeteo.it/portale/archivio-meteo/Itri/2017/Giugno,1
https://www.ilmeteo.it/portale/archivio-meteo/Itri/2017/Settembre,1
https://www.ilmeteo.it/portale/archivio-meteo/Itri/2017/Maggio,1
https://www.ilmeteo.it/portale/archivio-meteo/Itri/2018/Giugno,1
https://www.ilmeteo.it/portale/archivio-meteo/Itri/2018/Settembre,1
https://www.ilmeteo.it/portale/archivio-meteo/Itri/2018/Maggio,1
https://www.ilmeteo.it/portale/archivio-meteo/Itri/2019/Giugno,1
https://www.ilmeteo.it/portale/archivio-meteo/Itri/2019/Settembre,1
https://www.ilmeteo.it/portale/archivio-meteo/Itri/2019/Maggio,1
https://www.ilmeteo.it/portale/archivio-meteo/Itri/2020/Giugno,1
https://www.ilmeteo.it/portale/archivio-meteo/Itri/2020/Settembre,1
https://www.ilmeteo.it/portale/archivio-meteo/Itri/2020/Maggio,1
https://www.ilmeteo.it/portale/archivio-meteo/Itri/2021/Giugno,1
https://www.ilmeteo.it/portale/archivio-meteo/Itri/2021/Settembre,1
https://www.ilmeteo.it/portale/archivio-meteo/Itri/2021/Maggio,1
https://www.ilmeteo.it/portale/archivio-meteo/Itri/2022/Giugno,1
https://www.ilmeteo.it/portale/archivio-meteo/Itri/2022/Settembre,1
https://www.ilmeteo.it/portale/archivio-meteo/Itri/2022/Maggio,1
https://www.ilmeteo.it/portale/archivio-meteo/Formia/1995/Giugno,1
https://www.ilmeteo.it/portale/archivio-meteo/Formia/1995/Settembre,1
https://www.ilmeteo.it/portale/archivio-meteo/Formia/1995/Maggio,1
https://www.ilmeteo.it/portale/archivio-meteo/Formia/1996/Giugno,1
https://www.ilmeteo.it/portale/archivio-meteo/Formia/1996/Settembre,1
https://www.ilmeteo.it/portale/archivio-meteo/Formia/1996/Maggio,1
https://www.ilmeteo.it/portale/archivio-meteo/Formia/1997/Giugno,1
https://www.ilmeteo.it/portale/archivio-meteo/Formia/1997/Settembre,1
https://www.ilmeteo.it/portale/archivio-meteo/Formia/1997/Maggio,1
https://www.ilmeteo.it/portale/archivio-meteo/Formia/1998/Giugno,1
https://www.ilmeteo.it/portale/archivio-meteo/Formia/1998/Settembre,1
https://www.ilmeteo.it/portale/archivio-meteo/Formia/1998/Maggio,1
https://www.ilmeteo.it/portale/archivio-meteo/Formia/1999/Giugno,1
https://www.ilmeteo.it/portale/archivio-meteo/Formia/1999/Settembre,1
https://www.ilmeteo.it/portale/archivio-meteo/Formia/1999/Maggio,1
https://www.ilmeteo.it/portale/archivio-meteo/Formia/2000/Giugno,1
https://www.ilmeteo.it/portale/archivio-meteo/Formia/2000/Settembre,1
https://www.ilmeteo.it/portale/archivio-meteo/Formia/2000/Maggio,1
https://www.ilmeteo.it/portale/archivio-meteo/Formia/2001/Giugno,1
https://www.ilmeteo.it/portale/archivio-meteo/Formia/2001/Settembre,1
https://www.ilmeteo.it/portale/archivio-meteo/Formia/2001/Maggio,1
https://www.ilmeteo.it/portale/archivio-meteo/Formia/2002/Giugno,1
https://www.ilmeteo.it/portale/archivio-meteo/Formia/2002/Settembre,1
https://www.ilmeteo.it/portale/archivio-meteo/Formia/2002/Maggio,1
https://www.ilmeteo.it/portale/archivio-meteo/Formia/2003/Giugno,1
https://www.ilmeteo.it/portale/archivio-meteo/Formia/2003/Settembre,1
https://www.ilmeteo.it/portale/archivio-meteo/Formia/2003/Maggio,1
https://www.ilmeteo.it/portale/archivio-meteo/Formia/2004/Giugno,1
https://www.ilmeteo.it/portale/archivio-meteo/Formia/2004/Settembre,1
https://www.ilmeteo.it/portale/archivio-meteo/Formia/2004/Maggio,1
https://www.ilmeteo.it/portale/archivio-meteo/Formia/2005/Giugno,1
https://www.ilmeteo.it/portale/archivio-meteo/Formia/2005/Settembre,1
https://www.ilmeteo.it/portale/archivio-meteo/Formia/2005/Maggio,1
https://www.ilmeteo.it/portale/archivio-meteo/Formia/2006/Giugno,1
https://www.ilmeteo.it/portale/archivio-meteo/Formia/2006/Settembre,1
https://www.ilmeteo.it/portale/archivio-meteo/Formia/2006/Maggio,1
https://www.ilmeteo.it/portale/archivio-meteo/Formia/2007/Giugno,1
https://www.ilmeteo.it/portale/archivio-meteo/Formia/2007/Settembre,1
https://www.ilmeteo.it/portale/archivio-meteo/Formia/2007/Maggio,1
https://www.ilmeteo.it/portale/archivio-meteo/Formia/2008/Giugno,1
https://www.ilmeteo.it/portale/archivio-meteo/Formia/2008/Settembre,1
https://www.ilmeteo.it/portale/archivio-meteo/Formia/2008/Maggio,1
https://www.ilmeteo.it/portale/archivio-meteo/Formia/2009/Giugno,1
https://www.ilmeteo.it/portale/archivio-meteo/Formia/2009/Settembre,1
https://www.ilmeteo.it/portale/archivio-meteo/Formia/2009/Maggio,1
https://www.ilmeteo.it/portale/archivio-meteo/Formia/2010/Giugno,1
https://www.ilmeteo.it/portale/archivio-meteo/Formia/2010/Settembre,1
https://www.ilmeteo.it/portale/archivio-meteo/Formia/2010/Maggio,1
https://www.ilmeteo.it/portale/archivio-meteo/Formia/2011/Giugno,1
https://www.ilmeteo.it/portale/archivio-meteo/Formia/2011/Settembre,1
https://www.ilmeteo.it/portale/archivio-meteo/Formia/2011/Maggio,1
https://www.ilmeteo.it/portale/archivio-meteo/Formia/2012/Giugno,1
https://www.ilmeteo.it/portale/archivio-meteo/Formia/2012/Settembre,1
https://www.ilmeteo.it/portale/archivio-meteo/Formia/2012/Maggio,1
https://www.ilmeteo.it/portale/archivio-meteo/Formia/2013/Giugno,1
https://www.ilmeteo.it/portale/archivio-meteo/Formia/2013/Settembre,1
https://www.ilmeteo.it/portale/archivio-meteo/Formia/2013/Maggio,1
https://www.ilmeteo.it/portale/archivio-meteo/Formia/2014/Giugno,1
https://www.ilmeteo.it/portale/archivio-meteo/Formia/2014/Settembre,1
https://www.ilmeteo.it/portale/archivio-meteo/Formia/2014/Maggio,1
https://www.ilmeteo.it/portale/archivio-meteo/Formia/2015/Giugno,1
https://www.ilmeteo.it/portale/archivio-meteo/Formia/2015/Settembre,1
https://www.ilmeteo.it/portale/archivio-meteo/Formia/2015/Maggio,1
https://www.ilmeteo.it/portale/archivio-meteo/Formia/2016/Giugno,1
https://www.ilmeteo.it/portale/archivio-meteo/Formia/2016/Settembre,1
https://www.ilmeteo.it/portale/archivio-meteo/Formia/2016/Maggio,1
https://www.ilmeteo.it/portale/archivio-meteo/Formia/2017/Giugno,1
https://www.ilmeteo.it/portale/archivio-meteo/Formia/2017/Settembre,1
https://www.ilmeteo.it/portale/archivio-meteo/Formia/2017/Maggio,1
https://www.ilmeteo.it/portale/archivio-meteo/Formia/2018/Giugno,1
https://www.ilmeteo.it/portale/archivio-meteo/Formia/2018/Settembre,1
https://www.ilmeteo.it/portale/archivio-meteo/Formia/2018/Maggio,1
https://www.ilmeteo.it/portale/archivio-meteo/Formia/2019/Giugno,1
https://www.ilmeteo.it/portale/archivio-meteo/Formia/2019/Settembre,1
https://www.ilmeteo.it/portale/archivio-meteo/Formia/2019/Maggio,1
https://www.ilmeteo.it/portale/archivio-meteo/Formia/2020/Giugno,1
https://www.ilmeteo.it/portale/archivio-meteo/Formia/2020/Settembre,1
https://www.ilmeteo.it/portale/archivio-meteo/Formia/2020/Maggio,1
https://www.ilmeteo.it/portale/archivio-meteo/Formia/2021/Giugno,1
https://www.ilmeteo.it/portale/archivio-meteo/Formia/2021/Settembre,1
https://www.ilmeteo.it/portale/archivio-meteo/Formia/2021/Maggio,1
https://www.ilmeteo.it/portale/archivio-meteo/Formia/2022/Giugno,1
https://www.ilmeteo.it/portale/archivio-meteo/Formia/2022/Settembre,1
https://www.ilmeteo.it/portale/archivio-meteo/Formia/2022/Maggio,1
https://www.ilmeteo.it/portale/archivio-meteo/Gaeta/1995/Giugno,1
https://www.ilmeteo.it/portale/archivio-meteo/Gaeta/1995/Settembre,1
https://www.ilmeteo.it/portale/archivio-meteo/Gaeta/1995/Maggio,1
https://www.ilmeteo.it/portale/archivio-meteo/Gaeta/1996/Giugno,1
https://www.ilmeteo.it/portale/archivio-meteo/Gaeta/1996/Settembre,1
https://www.ilmeteo.it/portale/archivio-meteo/Gaeta/1996/Maggio,1
https://www.ilmeteo.it/portale/archivio-meteo/Gaeta/1997/Giugno,1
https://www.ilmeteo.it/portale/archivio-meteo/Gaeta/1997/Settembre,1
https://www.ilmeteo.it/portale/archivio-meteo/Gaeta/1997/Maggio,1
https://www.ilmeteo.it/portale/archivio-meteo/Gaeta/1998/Giugno,1
https://www.ilmeteo.it/portale/archivio-meteo/Gaeta/1998/Settembre,1
https://www.ilmeteo.it/portale/archivio-meteo/Gaeta/1998/Maggio,1
https://www.ilmeteo.it/portale/archivio-meteo/Gaeta/1999/Giugno,1
https://www.ilmeteo.it/portale/archivio-meteo/Gaeta/1999/Settembre,1
https://www.ilmeteo.it/portale/archivio-meteo/Gaeta/1999/Maggio,1
https://www.ilmeteo.it/portale/archivio-meteo/Gaeta/2000/Giugno,1
https://www.ilmeteo.it/portale/archivio-meteo/Gaeta/2000/Settembre,1
https://www.ilmeteo.it/portale/archivio-meteo/Gaeta/2000/Maggio,1
https://www.ilmeteo.it/portale/archivio-meteo/Gaeta/2001/Giugno,1
https://www.ilmeteo.it/portale/archivio-meteo/Gaeta/2001/Settembre,1
https://www.ilmeteo.it/portale/archivio-meteo/Gaeta/2001/Maggio,1
https://www.ilmeteo.it/portale/archivio-meteo/Gaeta/2002/Giugno,1
https://www.ilmeteo.it/portale/archivio-meteo/Gaeta/2002/Settembre,1
https://www.ilmeteo.it/portale/archivio-meteo/Gaeta/2002/Maggio,1
https://www.ilmeteo.it/portale/archivio-meteo/Gaeta/2003/Giugno,1
https://www.ilmeteo.it/portale/archivio-meteo/Gaeta/2003/Settembre,1
https://www.ilmeteo.it/portale/archivio-meteo/Gaeta/2003/Maggio,1
https://www.ilmeteo.it/portale/archivio-meteo/Gaeta/2004/Giugno,1
https://www.ilmeteo.it/portale/archivio-meteo/Gaeta/2004/Settembre,1
https://www.ilmeteo.it/portale/archivio-meteo/Gaeta/2004/Maggio,1
https://www.ilmeteo.it/portale/archivio-meteo/Gaeta/2005/Giugno,1
https://www.ilmeteo.it/portale/archivio-meteo/Gaeta/2005/Settembre,1
https://www.ilmeteo.it/portale/archivio-meteo/Gaeta/2005/Maggio,1
https://www.ilmeteo.it/portale/archivio-meteo/Gaeta/2006/Giugno,1
https://www.ilmeteo.it/portale/archivio-meteo/Gaeta/2006/Settembre,1
https://www.ilmeteo.it/portale/archivio-meteo/Gaeta/2006/Maggio,1
https://www.ilmeteo.it/portale/archivio-meteo/Gaeta/2007/Giugno,1
https://www.ilmeteo.it/portale/archivio-meteo/Gaeta/2007/Settembre,1
https://www.ilmeteo.it/portale/archivio-meteo/Gaeta/2007/Maggio,1
https://www.ilmeteo.it/portale/archivio-meteo/Gaeta/2008/Giugno,1
https://www.ilmeteo.it/portale/archivio-meteo/Gaeta/2008/Settembre,1
https://www.ilmeteo.it/portale/archivio-meteo/Gaeta/2008/Maggio,1
https://www.ilmeteo.it/portale/archivio-meteo/Gaeta/2009/Giugno,1
https://www.ilmeteo.it/portale/archivio-meteo/Gaeta/2009/Settembre,1
https://www.ilmeteo.it/portale/archivio-meteo/Gaeta/2009/Maggio,1
https://www.ilmeteo.it/portale/archivio-meteo/Gaeta/2010/Giugno,1
https://www.ilmeteo.it/portale/archivio-meteo/Gaeta/2010/Settembre,1
https://www.ilmeteo.it/portale/archivio-meteo/Gaeta/2010/Maggio,1
https://www.ilmeteo.it/portale/archivio-meteo/Gaeta/2011/Giugno,1
https://www.ilmeteo.it/portale/archivio-meteo/Gaeta/2011/Settembre,1
https://www.ilmeteo.it/portale/archivio-meteo/Gaeta/2011/Maggio,1
https://www.ilmeteo.it/portale/archivio-meteo/Gaeta/2012/Giugno,1
https://www.ilmeteo.it/portale/archivio-meteo/Gaeta/2012/Settembre,1
https://www.ilmeteo.it/portale/archivio-meteo/Gaeta/2012/Maggio,1
https://www.ilmeteo.it/portale/archivio-meteo/Gaeta/2013/Giugno,1
https://www.ilmeteo.it/portale/archivio-meteo/Gaeta/2013/Settembre,1
https://www.ilmeteo.it/portale/archivio-meteo/Gaeta/2013/Maggio,1
https://www.ilmeteo.it/portale/archivio-meteo/Gaeta/2014/Giugno,1
https://www.ilmeteo.it/portale/archivio-meteo/Gaeta/2014/Settembre,1
https://www.ilmeteo.it/portale/archivio-meteo/Gaeta/2014/Maggio,1
https://www.ilmeteo.it/portale/archivio-meteo/Gaeta/2015/Giugno,1
https://www.ilmeteo.it/portale/archivio-meteo/Gaeta/2015/Settembre,1
https://www.ilmeteo.it/portale/archivio-meteo/Gaeta/2015/Maggio,1
https://www.ilmeteo.it/portale/archivio-meteo/Gaeta/2016/Giugno,1
https://www.ilmeteo.it/portale/archivio-meteo/Gaeta/2016/Settembre,1
https://www.ilmeteo.it/portale/archivio-meteo/Gaeta/2016/Maggio,1
https://www.ilmeteo.it/portale/archivio-meteo/Gaeta/2017/Giugno,1
https://www.ilmeteo.it/portale/archivio-meteo/Gaeta/2017/Settembre,1
https://www.ilmeteo.it/portale/archivio-meteo/Gaeta/2017/Maggio,1
https://www.ilmeteo.it/portale/archivio-meteo/Gaeta/2018/Giugno,1
https://www.ilmeteo.it/portale/archivio-meteo/Gaeta/2018/Settembre,1
https://www.ilmeteo.it/portale/archivio-meteo/Gaeta/2018/Maggio,1
https://www.ilmeteo.it/portale/archivio-meteo/Gaeta/2019/Giugno,1
https://www.ilmeteo.it/portale/archivio-meteo/Gaeta/2019/Settembre,1
https://www.ilmeteo.it/portale/archivio-meteo/Gaeta/2019/Maggio,1
https://www.ilmeteo.it/portale/archivio-meteo/Gaeta/2020/Giugno,1
https://www.ilmeteo.it/portale/archivio-meteo/Gaeta/2020/Settembre,1
https://www.ilmeteo.it/portale/archivio-meteo/Gaeta/2020/Maggio,1
https://www.ilmeteo.it/portale/archivio-meteo/Gaeta/2021/Giugno,1
https://www.ilmeteo.it/portale/archivio-meteo/Gaeta/2021/Settembre,1
https://www.ilmeteo.it/portale/archivio-meteo/Gaeta/2021/Maggio,1
https://www.ilmeteo.it/portale/archivio-meteo/Gaeta/2022/Giugno,1
https://www.ilmeteo.it/portale/archivio-meteo/Gaeta/2022/Settembre,1
https://www.ilmeteo.it/portale/archivio-meteo/Gaeta/2022/Maggio,1
https://www.ilmeteo.it/portale/archivio-meteo/Sperlonga/1995/Giugno,1
https://www.ilmeteo.it/portale/archivio-meteo/Sperlonga/1995/Settembre,1
https://www.ilmeteo.it/portale/archivio-meteo/Sperlonga/1995/Maggio,1
https://www.ilmeteo.it/portale/archivio-meteo/Sperlonga/1996/Giugno,1
https://www.ilmeteo.it/portale/archivio-meteo/Sperlonga/1996/Settembre,1
https://www.ilmeteo.it/portale/archivio-meteo/Sperlonga/1996/Maggio,1
https://www.ilmeteo.it/portale/archivio-meteo/Sperlonga/1997/Giugno,1
https://www.ilmeteo.it/portale/archivio-meteo/Sperlonga/1997/Settembre,1
https://www.ilmeteo.it/portale/archivio-meteo/Sperlonga/1997/Maggio,1
https://www.ilmeteo.it/portale/archivio-meteo/Sperlonga/1998/Giugno,1
https://www.ilmeteo.it/portale/archivio-meteo/Sperlonga/1998/Settembre,1
https://www.ilmeteo.it/portale/archivio-meteo/Sperlonga/1998/Maggio,1
https://www.ilmeteo.it/portale/archivio-meteo/Sperlonga/1999/Giugno,1
https://www.ilmeteo.it/portale/archivio-meteo/Sperlonga/1999/Settembre,1
https://www.ilmeteo.it/portale/archivio-meteo/Sperlonga/1999/Maggio,1
https://www.ilmeteo.it/portale/archivio-meteo/Sperlonga/2000/Giugno,1
https://www.ilmeteo.it/portale/archivio-meteo/Sperlonga/2000/Settembre,1
https://www.ilmeteo.it/portale/archivio-meteo/Sperlonga/2000/Maggio,1
https://www.ilmeteo.it/portale/archivio-meteo/Sperlonga/2001/Giugno,1
https://www.ilmeteo.it/portale/archivio-meteo/Sperlonga/2001/Settembre,1
https://www.ilmeteo.it/portale/archivio-meteo/Sperlonga/2001/Maggio,1
https://www.ilmeteo.it/portale/archivio-meteo/Sperlonga/2002/Giugno,1
https://www.ilmeteo.it/portale/archivio-meteo/Sperlonga/2002/Settembre,1
https://www.ilmeteo.it/portale/archivio-meteo/Sperlonga/2002/Maggio,1
https://www.ilmeteo.it/portale/archivio-meteo/Sperlonga/2003/Giugno,1
https://www.ilmeteo.it/portale/archivio-meteo/Sperlonga/2003/Settembre,1
https://www.ilmeteo.it/portale/archivio-meteo/Sperlonga/2003/Maggio,1
https://www.ilmeteo.it/portale/archivio-meteo/Sperlonga/2004/Giugno,1
https://www.ilmeteo.it/portale/archivio-meteo/Sperlonga/2004/Settembre,1
https://www.ilmeteo.it/portale/archivio-meteo/Sperlonga/2004/Maggio,1
https://www.ilmeteo.it/portale/archivio-meteo/Sperlonga/2005/Giugno,1
https://www.ilmeteo.it/portale/archivio-meteo/Sperlonga/2005/Settembre,1
https://www.ilmeteo.it/portale/archivio-meteo/Sperlonga/2005/Maggio,1
https://www.ilmeteo.it/portale/archivio-meteo/Sperlonga/2006/Giugno,1
https://www.ilmeteo.it/portale/archivio-meteo/Sperlonga/2006/Settembre,1
https://www.ilmeteo.it/portale/archivio-meteo/Sperlonga/2006/Maggio,1
https://www.ilmeteo.it/portale/archivio-meteo/Sperlonga/2007/Giugno,1
https://www.ilmeteo.it/portale/archivio-meteo/Sperlonga/2007/Settembre,1
https://www.ilmeteo.it/portale/archivio-meteo/Sperlonga/2007/Maggio,1
https://www.ilmeteo.it/portale/archivio-meteo/Sperlonga/2008/Giugno,1
https://www.ilmeteo.it/portale/archivio-meteo/Sperlonga/2008/Settembre,1
https://www.ilmeteo.it/portale/archivio-meteo/Sperlonga/2008/Maggio,1
https://www.ilmeteo.it/portale/archivio-meteo/Sperlonga/2009/Giugno,1
https://www.ilmeteo.it/portale/archivio-meteo/Sperlonga/2009/Settembre,1
https://www.ilmeteo.it/portale/archivio-meteo/Sperlonga/2009/Maggio,1
https://www.ilmeteo.it/portale/archivio-meteo/Sperlonga/2010/Giugno,1
https://www.ilmeteo.it/portale/archivio-meteo/Sperlonga/2010/Settembre,1
https://www.ilmeteo.it/portale/archivio-meteo/Sperlonga/2010/Maggio,1
https://www.ilmeteo.it/portale/archivio-meteo/Sperlonga/2011/Giugno,1
https://www.ilmeteo.it/portale/archivio-meteo/Sperlonga/2011/Settembre,1
https://www.ilmeteo.it/portale/archivio-meteo/Sperlonga/2011/Maggio,1
https://www.ilmeteo.it/portale/archivio-meteo/Sperlonga/2012/Giugno,1
https://www.ilmeteo.it/portale/archivio-meteo/Sperlonga/2012/Settembre,1
https://www.ilmeteo.it/portale/archivio-meteo/Sperlonga/2012/Maggio,1
https://www.ilmeteo.it/portale/archivio-meteo/Sperlonga/2013/Giugno,1
https://www.ilmeteo.it/portale/archivio-meteo/Sperlonga/2013/Settembre,1
https://www.ilmeteo.it/portale/archivio-meteo/Sperlonga/2013/Maggio,1
https://www.ilmeteo.it/portale/archivio-meteo/Sperlonga/2014/Giugno,1
https://www.ilmeteo.it/portale/archivio-meteo/Sperlonga/2014/Settembre,1
https://www.ilmeteo.it/portale/archivio-meteo/Sperlonga/2014/Maggio,1
https://www.ilmeteo.it/portale/archivio-meteo/Sperlonga/2015/Giugno,1
https://www.ilmeteo.it/portale/archivio-meteo/Sperlonga/2015/Settembre,1
https://www.ilmeteo.it/portale/archivio-meteo/Sperlonga/2015/Maggio,1
https://www.ilmeteo.it/portale/archivio-meteo/Sperlonga/2016/Giugno,1
https://www.ilmeteo.it/portale/archivio-meteo/Sperlonga/2016/Settembre,1
https://www.ilmeteo.it/portale/archivio-meteo/Sperlonga/2016/Maggio,1
https://www.ilmeteo.it/portale/archivio-meteo/Sperlonga/2017/Giugno,1
https://www.ilmeteo.it/portale/archivio-meteo/Sperlonga/2017/Settembre,1
https://www.ilmeteo.it/portale/archivio-meteo/Sperlonga/2017/Maggio,1
https://www.ilmeteo.it/portale/archivio-meteo/Sperlonga/2018/Giugno,1
https://www.ilmeteo.it/portale/archivio-meteo/Sperlonga/2018/Settembre,1
https://www.ilmeteo.it/portale/archivio-meteo/Sperlonga/2018/Maggio,1
https://www.ilmeteo.it/portale/archivio-meteo/Sperlonga/2019/Giugno,1
https://www.ilmeteo.it/portale/archivio-meteo/Sperlonga/2019/Settembre,1
https://www.ilmeteo.it/portale/archivio-meteo/Sperlonga/2019/Maggio,1
https://www.ilmeteo.it/portale/archivio-meteo/Sperlonga/2020/Giugno,1
https://www.ilmeteo.it/portale/archivio-meteo/Sperlonga/2020/Settembre,1
https://www.ilmeteo.it/portale/archivio-meteo/Sperlonga/2020/Maggio,1
https://www.ilmeteo.it/portale/archivio-meteo/Sperlonga/2021/Giugno,1
https://www.ilmeteo.it/portale/archivio-meteo/Sperlonga/2021/Settembre,1
https://www.ilmeteo.it/portale/archivio-meteo/Sperlonga/2021/Maggio,1
https://www.ilmeteo.it/portale/archivio-meteo/Sperlonga/2022/Giugno,1
https://www.ilmeteo.it/portale/archivio-meteo/Sperlonga/2022/Settembre,1
https://www.ilmeteo.it/portale/archivio-meteo/Sperlonga/2022/Maggio,1
